{
	"info": {
		"_postman_id": "684781ab-b424-46f5-a889-09977bec20f2",
		"name": "randi_firmansyah_go_product",
		"schema": "https://schema.getpostman.com/json/collection/v2.1.0/collection.json"
	},
	"item": [
		{
			"name": "Product",
			"item": [
				{
					"name": "get_All",
					"request": {
						"method": "GET",
						"header": [],
						"url": {
							"raw": "http://localhost:5000/product",
							"protocol": "http",
							"host": [
								"localhost"
							],
							"port": "5000",
							"path": [
								"product"
							]
						}
					},
					"response": [
						{
							"name": "get_All",
							"originalRequest": {
								"method": "GET",
								"header": [],
								"url": {
									"raw": "http://localhost:5000/product",
									"protocol": "http",
									"host": [
										"localhost"
									],
									"port": "5000",
									"path": [
										"product"
									]
								}
							},
							"_postman_previewlanguage": "json",
							"header": null,
							"cookie": [],
							"body": "{\n    \"status\": \"SUKSES\",\n    \"respon_code\": 200,\n    \"message\": \"Berhasil mengambil semua data Product\",\n    \"data\": [\n        {\n            \"id\": 3,\n            \"nama\": \"magnum\",\n            \"umur\": 0,\n            \"qty\": 10,\n            \"image\": \"https://1757140519.rsc.cdn77.org/blog/wp-content/uploads/2018/05/1-google-logo.png\"\n        },\n        {\n            \"id\": 4,\n            \"nama\": \"magnum\",\n            \"umur\": 0,\n            \"qty\": 10,\n            \"image\": \"https://1757140519.rsc.cdn77.org/blog/wp-content/uploads/2018/05/1-google-logo.png\"\n        },\n        {\n            \"id\": 5,\n            \"nama\": \"magnum\",\n            \"umur\": 0,\n            \"qty\": 10,\n            \"image\": \"https://1757140519.rsc.cdn77.org/blog/wp-content/uploads/2018/05/1-google-logo.png\"\n        },\n        {\n            \"id\": 6,\n            \"nama\": \"magnum\",\n            \"umur\": 0,\n            \"qty\": 10,\n            \"image\": \"https://1757140519.rsc.cdn77.org/blog/wp-content/uploads/2018/05/1-google-logo.png\"\n        },\n        {\n            \"id\": 7,\n            \"nama\": \"magnum\",\n            \"umur\": 0,\n            \"qty\": 10,\n            \"image\": \"https://1757140519.rsc.cdn77.org/blog/wp-content/uploads/2018/05/1-google-logo.png\"\n        },\n        {\n            \"id\": 8,\n            \"nama\": \"magnum\",\n            \"umur\": 0,\n            \"qty\": 10,\n            \"image\": \"https://1757140519.rsc.cdn77.org/blog/wp-content/uploads/2018/05/1-google-logo.png\"\n        },\n        {\n            \"id\": 9,\n            \"nama\": \"magnum\",\n            \"umur\": 0,\n            \"qty\": 10,\n            \"image\": \"https://1757140519.rsc.cdn77.org/blog/wp-content/uploads/2018/05/1-google-logo.png\"\n        },\n        {\n            \"id\": 10,\n            \"nama\": \"magnum\",\n            \"umur\": 0,\n            \"qty\": 10,\n            \"image\": \"https://1757140519.rsc.cdn77.org/blog/wp-content/uploads/2018/05/1-google-logo.png\"\n        },\n        {\n            \"id\": 11,\n            \"nama\": \"magnum\",\n            \"umur\": 0,\n            \"qty\": 10,\n            \"image\": \"https://1757140519.rsc.cdn77.org/blog/wp-content/uploads/2018/05/1-google-logo.png\"\n        }\n    ]\n}"
						}
					]
				},
				{
					"name": "Get by id",
					"request": {
						"method": "GET",
						"header": [],
						"url": {
							"raw": "http://localhost:5000/product/15",
							"protocol": "http",
							"host": [
								"localhost"
							],
							"port": "5000",
							"path": [
								"product",
								"15"
							]
						}
					},
					"response": [
						{
							"name": "Get by id",
							"originalRequest": {
								"method": "GET",
								"header": [],
								"url": {
									"raw": "http://localhost:5000/product/12",
									"protocol": "http",
									"host": [
										"localhost"
									],
									"port": "5000",
									"path": [
										"product",
										"12"
									]
								}
							},
							"_postman_previewlanguage": "json",
							"header": null,
							"cookie": [],
							"body": "{\n    \"status\": \"SUKSES\",\n    \"respon_code\": 200,\n    \"message\": \"Berhasil mengambil detail data Product\",\n    \"data\": {\n        \"id\": 12,\n        \"nama\": \"magnum\",\n        \"harga\": 0,\n        \"qty\": 10,\n        \"image\": \"https://1757140519.rsc.cdn77.org/blog/wp-content/uploads/2018/05/1-google-logo.png\"\n    }\n}"
						}
					]
				},
				{
					"name": "post_Product",
					"request": {
						"method": "POST",
						"header": [],
						"body": {
							"mode": "raw",
							"raw": "{\r\n    \"nama\":\"magnum\",\r\n    \"harga\":20000,\r\n    \"qty\":10,\r\n    \"image\":\"https://1757140519.rsc.cdn77.org/blog/wp-content/uploads/2018/05/1-google-logo.png\"\r\n}",
							"options": {
								"raw": {
									"language": "json"
								}
							}
						},
						"url": {
							"raw": "http://localhost:5000/product",
							"protocol": "http",
							"host": [
								"localhost"
							],
							"port": "5000",
							"path": [
								"product"
							]
						}
					},
					"response": [
						{
							"name": "post_Product",
							"originalRequest": {
								"method": "POST",
								"header": [],
								"body": {
									"mode": "raw",
									"raw": "{\r\n    \"nama\":\"magnum\",\r\n    \"harga\":20000,\r\n    \"qty\":10,\r\n    \"image\":\"https://1757140519.rsc.cdn77.org/blog/wp-content/uploads/2018/05/1-google-logo.png\"\r\n}",
									"options": {
										"raw": {
											"language": "json"
										}
									}
								},
								"url": {
									"raw": "http://localhost:5000/product",
									"protocol": "http",
									"host": [
										"localhost"
									],
									"port": "5000",
									"path": [
										"product"
									]
								}
							},
							"_postman_previewlanguage": "json",
							"header": null,
							"cookie": [],
							"body": "{\n    \"status\": \"SUKSES\",\n    \"respon_code\": 200,\n    \"message\": \"Berhasil menambahkan data Product\",\n    \"data\": null\n}"
						}
					]
				},
				{
					"name": "update_product",
					"request": {
						"method": "PUT",
						"header": [],
						"body": {
							"mode": "raw",
							"raw": "{\r\n    \"nama\":\"mesin\",\r\n    \"harga\":20000,\r\n    \"qty\":12,\r\n    \"image\":\"https://1757140519.rsc.cdn77.org/blog/wp-content/uploads/2018/05/1-google-logo.png\"\r\n}",
							"options": {
								"raw": {
									"language": "json"
								}
							}
						},
						"url": {
							"raw": "http://localhost:5000/product/:id",
							"protocol": "http",
							"host": [
								"localhost"
							],
							"port": "5000",
							"path": [
								"product",
								":id"
							],
							"variable": [
								{
									"key": "id",
									"value": "13"
								}
							]
						}
					},
					"response": [
						{
							"name": "update_product",
							"originalRequest": {
								"method": "PUT",
								"header": [],
								"body": {
									"mode": "raw",
									"raw": "{\r\n    \"nama\":\"mesin\",\r\n    \"harga\":20000,\r\n    \"qty\":10,\r\n    \"image\":\"https://1757140519.rsc.cdn77.org/blog/wp-content/uploads/2018/05/1-google-logo.png\"\r\n}",
									"options": {
										"raw": {
											"language": "json"
										}
									}
								},
								"url": {
									"raw": "http://localhost:5000/product/:id",
									"protocol": "http",
									"host": [
										"localhost"
									],
									"port": "5000",
									"path": [
										"product",
										":id"
									],
									"variable": [
										{
											"key": "id",
											"value": "2"
										}
									]
								}
							},
							"_postman_previewlanguage": "json",
							"header": null,
							"cookie": [],
							"body": "{\n    \"status\": \"SUKSES\",\n    \"respon_code\": 200,\n    \"message\": \"Berhasil mengupdate data Product\",\n    \"data\": null\n}"
						}
					]
				},
				{
					"name": "delete_product",
					"request": {
						"method": "DELETE",
						"header": [],
						"url": {
							"raw": "http://localhost:5000/product/13",
							"protocol": "http",
							"host": [
								"localhost"
							],
							"port": "5000",
							"path": [
								"product",
								"13"
							]
						}
					},
					"response": [
						{
							"name": "delete_product",
							"originalRequest": {
								"method": "DELETE",
								"header": [],
								"url": {
									"raw": "http://localhost:5000/product/1",
									"protocol": "http",
									"host": [
										"localhost"
									],
									"port": "5000",
									"path": [
										"product",
										"1"
									]
								}
							},
							"_postman_previewlanguage": "json",
							"header": null,
							"cookie": [],
							"body": "{\n    \"status\": \"SUKSES\",\n    \"respon_code\": 200,\n    \"message\": \"Berhasil menghapus data Product\",\n    \"data\": null\n}"
						}
					]
				}
			]
		},
		{
			"name": "User",
			"item": [
				{
					"name": "get_All",
					"request": {
						"method": "GET",
						"header": [],
						"url": {
							"raw": "http://localhost:5000/user",
							"protocol": "http",
							"host": [
								"localhost"
							],
							"port": "5000",
							"path": [
								"user"
							]
						}
					},
					"response": [
						{
							"name": "get_All",
							"originalRequest": {
								"method": "GET",
								"header": [],
								"url": {
									"raw": "http://localhost:5000/user",
									"protocol": "http",
									"host": [
										"localhost"
									],
									"port": "5000",
									"path": [
										"user"
									]
								}
							},
							"_postman_previewlanguage": "json",
							"header": null,
							"cookie": [],
							"body": "{\n    \"status\": \"SUKSES\",\n    \"respon_code\": 200,\n    \"message\": \"Berhasil mengambil semua data User\",\n    \"data\": [\n        {\n            \"id\": 2,\n            \"nama\": \"magnum\",\n            \"username\": \"randi\",\n            \"password\": \"$2a$14$tCzdOZp51wM6G4n6nQqOaecz.pBvzEQ7oWH6nYOJtQYyaSf3ESJCS\",\n            \"email\": \"hehe\",\n            \"no_hp\": \"123\",\n            \"image\": \"https://1757140519.rsc.cdn77.org/blog/wp-content/uploads/2018/05/1-google-logo.png\"\n        }\n    ]\n}"
						}
					]
				},
				{
					"name": "Get by id",
					"request": {
						"method": "GET",
						"header": [],
						"url": {
							"raw": "http://localhost:5000/user/2",
							"protocol": "http",
							"host": [
								"localhost"
							],
							"port": "5000",
							"path": [
								"user",
								"2"
							]
						}
					},
					"response": []
				},
				{
					"name": "post_user",
					"request": {
						"method": "POST",
						"header": [],
						"body": {
							"mode": "raw",
							"raw": "{\r\n    \"nama\":\"magnum\",\r\n    \"username\":\"randi\",\r\n    \"password\":\"123\",\r\n    \"email\":\"hehe\",\r\n    \"no_hp\":\"123\",\r\n    \"image\":\"https://1757140519.rsc.cdn77.org/blog/wp-content/uploads/2018/05/1-google-logo.png\"\r\n}",
							"options": {
								"raw": {
									"language": "json"
								}
							}
						},
						"url": {
							"raw": "http://localhost:5000/user",
							"protocol": "http",
							"host": [
								"localhost"
							],
							"port": "5000",
							"path": [
								"user"
							]
						}
					},
					"response": [
						{
							"name": "post_user",
							"originalRequest": {
								"method": "POST",
								"header": [],
								"body": {
									"mode": "raw",
									"raw": "{\r\n    \"nama\":\"magnum\",\r\n    \"username\":\"randi\",\r\n    \"password\":\"123\",\r\n    \"email\":\"hehe\",\r\n    \"no_hp\":\"123\",\r\n    \"image\":\"https://1757140519.rsc.cdn77.org/blog/wp-content/uploads/2018/05/1-google-logo.png\"\r\n}",
									"options": {
										"raw": {
											"language": "json"
										}
									}
								},
								"url": {
									"raw": "http://localhost:5000/user",
									"protocol": "http",
									"host": [
										"localhost"
									],
									"port": "5000",
									"path": [
										"user"
									]
								}
							},
							"_postman_previewlanguage": "json",
							"header": null,
							"cookie": [],
							"body": "{\n    \"status\": \"SUKSES\",\n    \"respon_code\": 200,\n    \"message\": \"Berhasil menambahkan data User\",\n    \"data\": null\n}"
						}
					]
				},
				{
					"name": "update_user",
					"request": {
						"method": "PUT",
						"header": [],
						"body": {
							"mode": "raw",
							"raw": "{\r\n    \"nama\":\"mesin\",\r\n    \"username\":\"randi\",\r\n    \"password\":\"123\",\r\n    \"email\":\"hehe\",\r\n    \"no_hp\":\"123\",\r\n    \"image\":\"https://1757140519.rsc.cdn77.org/blog/wp-content/uploads/2018/05/1-google-logo.png\"\r\n}",
							"options": {
								"raw": {
									"language": "json"
								}
							}
						},
						"url": {
							"raw": "http://localhost:5000/user/2",
							"protocol": "http",
							"host": [
								"localhost"
							],
							"port": "5000",
							"path": [
								"user",
								"2"
							]
						}
					},
					"response": [
						{
							"name": "update_user",
							"originalRequest": {
								"method": "PUT",
								"header": [],
								"body": {
									"mode": "raw",
									"raw": "{\r\n    \"nama\":\"mesin\",\r\n    \"username\":\"randi\",\r\n    \"password\":\"123\",\r\n    \"email\":\"hehe\",\r\n    \"no_hp\":\"123\",\r\n    \"image\":\"https://1757140519.rsc.cdn77.org/blog/wp-content/uploads/2018/05/1-google-logo.png\"\r\n}",
									"options": {
										"raw": {
											"language": "json"
										}
									}
								},
								"url": {
									"raw": "http://localhost:5000/user/1",
									"protocol": "http",
									"host": [
										"localhost"
									],
									"port": "5000",
									"path": [
										"user",
										"1"
									]
								}
							},
							"_postman_previewlanguage": "json",
							"header": null,
							"cookie": [],
							"body": "{\n    \"status\": \"SUKSES\",\n    \"respon_code\": 200,\n    \"message\": \"Berhasil mengupdate data User\",\n    \"data\": null\n}"
						}
					]
				},
				{
					"name": "delete_user",
					"request": {
						"method": "DELETE",
						"header": [],
						"url": {
							"raw": "http://localhost:5000/user/4",
							"protocol": "http",
							"host": [
								"localhost"
							],
							"port": "5000",
							"path": [
								"user",
								"4"
							]
						}
					},
					"response": [
						{
							"name": "delete_user",
							"originalRequest": {
								"method": "DELETE",
								"header": [],
								"url": {
									"raw": "http://localhost:5000/user/1",
									"protocol": "http",
									"host": [
										"localhost"
									],
									"port": "5000",
									"path": [
										"user",
										"1"
									]
								}
							},
							"_postman_previewlanguage": "json",
							"header": null,
							"cookie": [],
							"body": "{\n    \"status\": \"SUKSES\",\n    \"respon_code\": 200,\n    \"message\": \"Berhasil menghapus data User\",\n    \"data\": null\n}"
						}
					]
				}
			]
		}
	]
}